{
    "counter": {
        "ACTIVE": 17253,
        "INACTIVE": 3746,
        "INVALID": 1,
        "MALICIOUS": 0,
        "SANE": 0,
        "VALID": 0,
        "total": 21000
    },
    "percentage": {
        "ACTIVE": 82.15714285714286,
        "INACTIVE": 17.83809523809524,
        "INVALID": 0.004761904761904762,
        "MALICIOUS": 0.0,
        "SANE": 0.0,
        "VALID": 0.0,
        "total": 100.0
    }
}