{
    "counter": {
        "ACTIVE": 19658,
        "INACTIVE": 1341,
        "INVALID": 1,
        "MALICIOUS": 0,
        "SANE": 0,
        "VALID": 0,
        "total": 21000
    },
    "percentage": {
        "ACTIVE": 93.60952380952381,
        "INACTIVE": 6.387539296941983,
        "INVALID": 0.006000240009600384,
        "MALICIOUS": 0,
        "SANE": 0,
        "VALID": 0,
        "total": 100.00306334647539
    }
}