{
    "counter": {
        "ACTIVE": 18867,
        "INACTIVE": 2132,
        "INVALID": 1,
        "MALICIOUS": 0,
        "SANE": 0,
        "VALID": 0,
        "total": 21000
    },
    "percentage": {
        "ACTIVE": 89.84285714285714,
        "INACTIVE": 10.159637836549917,
        "INVALID": 0.008849557522123894,
        "MALICIOUS": 0,
        "SANE": 0,
        "VALID": 0,
        "total": 100.01134453692919
    }
}