{
    "counter": {
        "ACTIVE": 17086,
        "INACTIVE": 3914,
        "INVALID": 0,
        "MALICIOUS": 0,
        "SANE": 0,
        "VALID": 0,
        "total": 21000
    },
    "percentage": {
        "ACTIVE": 81.36190476190477,
        "INACTIVE": 18.638982808705176,
        "INVALID": 0,
        "MALICIOUS": 0,
        "SANE": 0,
        "VALID": 0,
        "total": 100.00088757060995
    }
}