{
    "counter": {
        "ACTIVE": 17132,
        "INACTIVE": 3868,
        "INVALID": 0,
        "MALICIOUS": 0,
        "SANE": 0,
        "VALID": 0,
        "total": 21000
    },
    "percentage": {
        "ACTIVE": 81.58095238095238,
        "INACTIVE": 18.419924758321823,
        "INVALID": 0,
        "MALICIOUS": 0,
        "SANE": 0,
        "VALID": 0,
        "total": 100.00087713927421
    }
}