{
    "counter": {
        "ACTIVE": 18594,
        "INACTIVE": 2405,
        "INVALID": 1,
        "MALICIOUS": 0,
        "SANE": 0,
        "VALID": 0,
        "total": 21000
    },
    "percentage": {
        "ACTIVE": 88.54285714285714,
        "INACTIVE": 11.455653996379919,
        "INVALID": 0.008849557522123894,
        "MALICIOUS": 0,
        "SANE": 0,
        "VALID": 0,
        "total": 100.00736069675919
    }
}