{
    "counter": {
        "ACTIVE": 18052,
        "INACTIVE": 2948,
        "INVALID": 0,
        "MALICIOUS": 0,
        "SANE": 0,
        "VALID": 0,
        "total": 21000
    },
    "percentage": {
        "ACTIVE": 85.96190476190476,
        "INACTIVE": 14.050138213706987,
        "INVALID": 0,
        "MALICIOUS": 0,
        "SANE": 0,
        "VALID": 0,
        "total": 100.01204297561175
    }
}