{
    "counter": {
        "ACTIVE": 19250,
        "INACTIVE": 1749,
        "INVALID": 1,
        "MALICIOUS": 0,
        "SANE": 0,
        "VALID": 0,
        "total": 21000
    },
    "percentage": {
        "ACTIVE": 91.66666666666667,
        "INACTIVE": 8.331348544753013,
        "INVALID": 0.008849557522123894,
        "MALICIOUS": 0,
        "SANE": 0,
        "VALID": 0,
        "total": 100.00686476894181
    }
}