{
    "counter": {
        "ACTIVE": 18513,
        "INACTIVE": 2486,
        "INVALID": 1,
        "MALICIOUS": 0,
        "SANE": 0,
        "VALID": 0,
        "total": 21000
    },
    "percentage": {
        "ACTIVE": 88.15714285714286,
        "INACTIVE": 11.841478517671716,
        "INVALID": 0.008849557522123894,
        "MALICIOUS": 0,
        "SANE": 0,
        "VALID": 0,
        "total": 100.0074709323367
    }
}