{
    "counter": {
        "ACTIVE": 18815,
        "INACTIVE": 2184,
        "INVALID": 1,
        "MALICIOUS": 0,
        "SANE": 0,
        "VALID": 0,
        "total": 21000
    },
    "percentage": {
        "ACTIVE": 89.5952380952381,
        "INACTIVE": 10.41835615131422,
        "INVALID": 0.008849557522123894,
        "MALICIOUS": 0,
        "SANE": 0,
        "VALID": 0,
        "total": 100.02244380407444
    }
}