{
    "counter": {
        "ACTIVE": 18011,
        "INACTIVE": 2988,
        "INVALID": 1,
        "MALICIOUS": 0,
        "SANE": 0,
        "VALID": 0,
        "total": 21000
    },
    "percentage": {
        "ACTIVE": 85.76666666666667,
        "INACTIVE": 14.228571428571428,
        "INVALID": 0.004761904761904762,
        "MALICIOUS": 0.0,
        "SANE": 0.0,
        "VALID": 0.0,
        "total": 100.0
    }
}