{
    "counter": {
        "ACTIVE": 19021,
        "INACTIVE": 1978,
        "INVALID": 1,
        "MALICIOUS": 0,
        "SANE": 0,
        "VALID": 0,
        "total": 21000
    },
    "percentage": {
        "ACTIVE": 90.57619047619048,
        "INACTIVE": 9.422188348497118,
        "INVALID": 0.008849557522123894,
        "MALICIOUS": 0,
        "SANE": 0,
        "VALID": 0,
        "total": 100.00722838220972
    }
}